"archetypeID","wwthdr_pc_nat_z","runoff_nonstat_z","tws_nonstat_z","gini_z","connectivity_si_z","e_flow_z","Base_water_stress_z","hydropol_int_z","thrspecies_z","droughthaz_z","mismplastic_z","extremes_damage_z","extremes_affected_z","bod_z","wetlandloss_z","equity_risk_index_nat_z","gov_risk_index_nat_z"
1,0.684285259584998,0.476630177420198,0.408469185470682,-0.0228545296253072,-0.231317163836571,0.263591312279362,0.00183636586900539,0.330317135544282,0.662857292993888,0.521568728810296,0.733134252057712,1.07629631327178,0.811174239176991,0.182482455378965,-0.715263301602298,-0.0131895735041182,0.243711242719679
2,-0.407203562794862,-0.0565244523314297,-0.207896507153748,0.660948492526727,0.135994221233698,0.250524153461984,-0.103417347337069,0.537944747456559,-0.176786325889313,0.757133359289862,0.627247876633088,-0.403277547857547,0.489012619884821,0.152238114794738,-0.295922979640202,-1.11245908731526,1.09066260377905
3,0.191239996439136,-0.348646735323229,-0.118999574621343,0.252606251732929,0.245642237547155,-0.123629061750671,-0.146181272829094,-0.0821255375897949,-0.233837809530674,-0.615307210002023,-0.458971856255001,-0.594084984097172,-0.560672030016066,-0.216853470962338,0.501515832684368,0.0234189103769061,0.865012786608581
4,0.90710476345818,-0.0503776507362931,-0.161604057756829,-1.31499540076182,0.182351213773764,0.0976576469100559,-0.227644076207071,-1.01803719042377,-0.392700672317104,-0.560003212365983,-1.00266554796868,0.0744255778492975,-0.752003824835264,-0.263710296999736,0.514265545906131,1.03769932318457,-1.24293360914321
